<?xml version="1.0" encoding="UTF-8"?>
<con:soapui-project id="4e8dc7d6-6397-4b7b-bcb0-5b31de2b1b23" activeEnvironment="Default" name="BRMS2Openshift" resourceRoot="${projectDir}" soapui-version="5.2.1" abortOnError="false" runType="SEQUENTIAL" xmlns:con="http://eviware.com/soapui/config"><con:settings/><con:interface xsi:type="con:RestService" id="8fb63091-53b7-4f8b-9658-dca2b490d9a1" wadlVersion="http://wadl.dev.java.net/2009/02" name="http://localhost:8080" type="rest" xmlns:xsi="http://www.w3.org/2001/XMLSchema-instance"><con:settings/><con:definitionCache type="TEXT" rootPart=""/><con:endpoints><con:endpoint>http://localhost:8080</con:endpoint></con:endpoints><con:resource name="Toopenshift" path="/kie-server/services/rest/server/containers/instances/HelloRulesContainer" id="89a021b4-4bd7-4306-89b6-12fa48c3f8a1"><con:settings/><con:parameters/><con:method name="Toopenshift" id="fc6a2e94-42e5-4e93-8461-bbd8e4656f24" method="POST"><con:settings/><con:parameters><con:parameter><con:name>X-KIE-ContentType</con:name><con:value>XSTREAM</con:value><con:style>HEADER</con:style><con:default>XSTREAM</con:default><con:description xsi:nil="true"/></con:parameter><con:parameter><con:name>Content-Type</con:name><con:value>application/xml</con:value><con:style>HEADER</con:style><con:default>application/xml</con:default><con:description xsi:nil="true"/></con:parameter></con:parameters><con:representation type="REQUEST"><con:mediaType>application/xml</con:mediaType><con:params/><con:element>fire-all-rules</con:element></con:representation><con:representation type="FAULT"><con:mediaType>text/html;charset=utf-8</con:mediaType><con:status>405 401</con:status><con:params/><con:element>html</con:element></con:representation><con:representation type="REQUEST"><con:mediaType>text/xml</con:mediaType><con:params/><con:element>fire-all-rules</con:element></con:representation><con:representation type="RESPONSE"><con:mediaType>application/xml</con:mediaType><con:status>200</con:status><con:params/><con:element>response</con:element></con:representation><con:representation type="RESPONSE"><con:mediaType xsi:nil="true"/><con:status>0</con:status><con:params/><con:element>data</con:element></con:representation><con:representation type="RESPONSE"><con:mediaType xsi:nil="true"/><con:status>0</con:status><con:params/><con:element>data</con:element></con:representation><con:representation type="RESPONSE"><con:mediaType xsi:nil="true"/><con:status>0</con:status><con:params/><con:element>data</con:element></con:representation><con:request name="Request 1" id="f25e9dc6-a337-46b8-a165-61bb53d9b23a" mediaType="application/xml" sslKeystore="" postQueryString="false"><con:settings><con:setting id="com.eviware.soapui.impl.wsdl.WsdlRequest@request-headers">&lt;xml-fragment/></con:setting></con:settings><con:endpoint>http://kie-app-newdecisionservices.apps.10.2.2.2.xip.io</con:endpoint><con:request><![CDATA[<batch-execution lookup="HelloRulesSession">
  <insert>
      <org.openshift.quickstarts.decisionserver.hellorules.Person>
            <name>rettori</name>
                </org.openshift.quickstarts.decisionserver.hellorules.Person>
                  </insert>
                    <fire-all-rules/>
                      <query out-identifier="greetings" name="get greeting"/>
                      </batch-execution>]]></con:request><con:originalUri>http://localhost/kie-server/services/rest/server/containers/toopenshift</con:originalUri><con:credentials><con:username>kieserver</con:username><con:password>redhat*99</con:password><con:authType>No Authorization</con:authType></con:credentials><con:jmsConfig JMSDeliveryMode="PERSISTENT"/><con:jmsPropertyConfig/><con:parameters/><con:parameterOrder><con:entry>X-KIE-ContentType</con:entry><con:entry>Content-Type</con:entry></con:parameterOrder></con:request></con:method></con:resource></con:interface><con:testSuite id="7f0d3ab3-0c25-4e6d-a9d6-7f509227d82b" name="TestSuite 1"><con:settings/><con:runType>SEQUENTIAL</con:runType><con:properties/></con:testSuite><con:properties/><con:wssContainer/><con:oAuth2ProfileContainer/><con:sensitiveInformation/></con:soapui-project>